modo,tamanho_mb,clientes,concluidos,min_s,medio_s,max_s
seq,5,1,1,0.037,0.037,0.037
thread,5,1,1,0.036,0.036,0.036
pool4,5,1,1,0.064,0.064,0.064
seq,5,1,1,0.031,0.031,0.031
thread,5,1,1,0.028,0.028,0.028
pool4,5,1,1,0.038,0.038,0.038
p2p,5,1,1,0.032,0.032,0.032
seq,5,1,1,0.018,0.018,0.018
thread,5,1,1,0.038,0.038,0.038
pool4,5,1,1,0.043,0.043,0.043
p2p,5,1,1,0.069,0.069,0.069
seq,5,1,1,0.024,0.024,0.024
thread,5,1,1,0.140,0.140,0.140
pool4,5,1,1,0.033,0.033,0.033
p2p,5,1,1,0.192,0.192,0.192
seq,5,5,5,0.031,0.060,0.092
thread,5,5,5,0.033,0.038,0.046
pool4,5,5,5,0.034,0.047,0.057
p2p,5,5,5,0.068,0.069,0.071
seq,5,5,5,0.020,0.042,0.062
thread,5,5,5,0.022,0.024,0.025
pool4,5,5,5,0.017,0.019,0.028
p2p,5,5,5,0.061,0.067,0.074
seq,5,5,5,0.021,0.045,0.070
thread,5,5,5,0.026,0.027,0.028
pool4,5,5,5,0.025,0.027,0.033
p2p,5,5,5,0.042,0.050,0.053
seq,5,10,10,0.017,0.067,0.115
thread,5,10,10,0.034,0.044,0.053
pool4,5,10,10,0.020,0.032,0.046
p2p,5,10,10,0.060,0.091,0.108
seq,5,10,10,0.010,0.030,0.051
thread,5,10,10,0.037,0.042,0.049
pool4,5,10,10,0.023,0.036,0.051
p2p,5,10,10,0.072,0.094,0.124
seq,5,10,10,0.013,0.045,0.079
thread,5,10,10,0.033,0.038,0.045
pool4,5,10,10,0.020,0.032,0.048
p2p,5,10,10,0.091,0.107,0.114
seq,5,20,20,0.011,0.064,0.127
thread,5,20,20,0.040,0.068,0.093
pool4,5,20,20,0.020,0.048,0.077
p2p,5,20,20,0.236,0.307,0.314
seq,5,20,20,0.015,0.080,0.138
thread,5,20,20,0.037,0.069,0.091
pool4,5,20,20,0.021,0.048,0.076
p2p,5,20,20,0.307,0.313,0.318
seq,5,20,20,0.015,0.093,0.164
thread,5,20,20,0.044,0.072,0.094
pool4,5,20,20,0.021,0.052,0.081
p2p,5,20,20,0.282,0.301,0.310
seq,50,1,1,0.064,0.064,0.064
thread,50,1,1,0.067,0.067,0.067
pool4,50,1,1,0.092,0.092,0.092
p2p,50,1,1,0.197,0.197,0.197
seq,50,1,1,0.097,0.097,0.097
thread,50,1,1,0.068,0.068,0.068
pool4,50,1,1,0.092,0.092,0.092
p2p,50,1,1,0.302,0.302,0.302
seq,50,1,1,0.087,0.087,0.087
thread,50,1,1,0.057,0.057,0.057
pool4,50,1,1,0.088,0.088,0.088
p2p,50,1,1,0.241,0.241,0.241
seq,50,5,5,0.042,0.127,0.213
thread,50,5,5,0.142,0.143,0.143
pool4,50,5,5,0.109,0.127,0.193
p2p,50,5,5,0.549,0.570,0.577
seq,50,5,5,0.037,0.116,0.199
thread,50,5,5,0.182,0.184,0.187
pool4,50,5,5,0.136,0.149,0.196
p2p,50,5,5,3.797,3.839,3.901
seq,50,5,5,0.076,0.194,0.306
thread,50,5,5,0.152,0.157,0.169
pool4,50,5,5,0.126,0.139,0.186
p2p,50,5,5,2.968,3.071,3.135
seq,50,10,10,0.069,0.313,0.547
thread,50,10,10,0.351,0.377,0.402
pool4,50,10,10,0.129,0.228,0.348
p2p,50,10,10,3.445,3.515,3.570
seq,50,10,10,0.238,0.508,0.784
thread,50,10,10,0.376,0.401,0.418
pool4,50,10,10,0.121,0.212,0.332
p2p,50,10,10,3.897,3.977,4.035
seq,50,10,10,0.088,0.354,0.613
thread,50,10,10,0.377,0.394,0.406
pool4,50,10,10,0.139,0.259,0.406
p2p,50,10,10,0.254,2.154,4.021
seq,50,20,20,0.162,0.676,1.160
thread,50,20,20,0.730,0.810,0.850
pool4,50,20,20,0.149,0.452,0.764
p2p,50,20,20,0.452,5.136,8.953
seq,50,20,20,0.282,1.307,2.009
thread,50,20,20,0.733,0.781,0.827
pool4,50,20,20,0.126,0.396,0.689
p2p,50,20,20,0.363,8.213,11.547
seq,50,20,20,0.245,0.846,1.429
thread,50,20,20,0.718,0.780,0.829
pool4,50,20,20,0.152,0.444,0.753
p2p,50,20,20,0.486,7.758,11.758
seq,500,1,1,0.646,0.646,0.646
thread,500,1,1,0.680,0.680,0.680
pool4,500,1,1,0.629,0.629,0.629
p2p,500,1,1,9.908,9.908,9.908
seq,500,1,1,0.622,0.622,0.622
thread,500,1,1,0.588,0.588,0.588
pool4,500,1,1,0.606,0.606,0.606
p2p,500,1,1,10.390,10.390,10.390
seq,500,1,1,0.694,0.694,0.694
thread,500,1,1,0.635,0.635,0.635
pool4,500,1,1,0.818,0.818,0.818
p2p,500,1,1,6.213,6.213,6.213
seq,500,5,5,0.524,1.615,2.664
thread,500,5,5,1.776,1.796,1.811
pool4,500,5,5,1.412,1.529,1.957
p2p,500,5,5,44.153,45.472,46.502
seq,500,5,5,1.551,2.690,3.765
thread,500,5,5,1.761,1.774,1.789
pool4,500,5,5,1.312,1.427,1.842
p2p,500,5,5,41.897,44.221,45.582
seq,500,5,5,2.008,3.380,4.881
thread,500,5,5,2.258,2.272,2.304
pool4,500,5,5,1.899,2.044,2.578
p2p,500,5,5,43.083,46.612,49.398
seq,500,10,10,2.728,5.567,8.309
thread,500,10,10,3.721,4.003,4.219
pool4,500,10,10,2.118,3.420,5.118
p2p,500,10,10,61.267,83.546,91.473
seq,500,10,10,2.808,6.448,9.846
thread,500,10,10,3.858,4.006,4.108
pool4,500,10,10,1.826,2.941,4.328
p2p,500,10,10,67.348,77.838,86.539
seq,500,10,10,1.086,5.122,8.725
thread,500,10,10,3.747,3.925,4.070
pool4,500,10,10,1.783,2.873,4.166
p2p,500,10,10,74.174,95.971,115.465
seq,500,20,20,2.093,8.114,13.863
thread,500,20,20,6.651,7.347,7.778
pool4,500,20,20,1.653,4.504,7.541
seq,500,20,20,2.498,13.856,24.786
thread,500,20,20,9.671,13.352,16.018
pool4,500,20,20,2.769,9.911,17.186
seq,500,20,20,1.512,14.473,28.173
thread,500,20,20,10.055,10.805,11.423
pool4,500,20,20,2.325,6.087,9.775
seq,5,1,1,0.033,0.033,0.033
thread,5,1,1,0.071,0.071,0.071
pool4,5,1,1,0.053,0.053,0.053
p2p,5,1,1,0.054,0.054,0.054
seq,5,1,1,0.091,0.091,0.091
thread,5,1,1,0.071,0.071,0.071
pool4,5,1,1,0.055,0.055,0.055
p2p,5,1,1,0.103,0.103,0.103
seq,5,1,1,0.074,0.074,0.074
thread,5,1,1,0.037,0.037,0.037
pool4,5,1,1,0.048,0.048,0.048
p2p,5,1,1,0.062,0.062,0.062
seq,5,5,5,0.034,0.064,0.095
thread,5,5,5,0.053,0.056,0.063
pool4,5,5,5,0.056,0.064,0.087
p2p,5,5,5,0.101,0.128,0.162
seq,5,5,5,0.042,0.095,0.151
thread,5,5,5,0.097,0.239,0.369
pool4,5,5,5,0.047,0.075,0.089
p2p,5,5,5,0.613,0.615,0.615
seq,5,5,5,0.037,0.077,0.112
thread,5,5,5,0.047,0.057,0.065
pool4,5,5,5,0.041,0.055,0.081
p2p,5,5,5,0.086,0.164,0.204
seq,5,10,10,0.034,0.125,0.214
thread,5,10,10,0.148,0.151,0.154
pool4,5,10,10,0.037,0.057,0.078
p2p,5,10,10,0.185,0.227,0.255
seq,5,10,10,0.025,0.090,0.149
thread,5,10,10,0.045,0.070,0.096
pool4,5,10,10,0.041,0.061,0.084
p2p,5,10,10,0.124,0.165,0.188
seq,5,10,10,0.031,0.111,0.182
thread,5,10,10,0.045,0.059,0.079
pool4,5,10,10,0.035,0.055,0.079
p2p,5,10,10,0.065,0.103,0.147
seq,5,20,20,0.030,0.181,0.336
thread,5,20,20,0.047,0.077,0.110
pool4,5,20,20,0.028,0.071,0.114
p2p,5,20,20,0.315,0.320,0.323
seq,5,20,20,0.020,0.118,0.234
thread,5,20,20,0.051,0.084,0.109
pool4,5,20,20,0.031,0.073,0.113
p2p,5,20,20,0.506,0.530,0.544
seq,5,20,20,0.023,0.111,0.198
thread,5,20,20,0.054,0.085,0.110
pool4,5,20,20,0.021,0.057,0.095
p2p,5,20,20,0.345,0.359,0.369
seq,50,1,1,0.246,0.246,0.246
thread,50,1,1,0.111,0.111,0.111
pool4,50,1,1,0.102,0.102,0.102
p2p,50,1,1,0.308,0.308,0.308
seq,50,1,1,0.062,0.062,0.062
thread,50,1,1,0.107,0.107,0.107
pool4,50,1,1,0.068,0.068,0.068
p2p,50,1,1,0.232,0.232,0.232
seq,50,1,1,0.057,0.057,0.057
thread,50,1,1,0.103,0.103,0.103
pool4,50,1,1,0.075,0.075,0.075
p2p,50,1,1,0.196,0.196,0.196
seq,50,5,5,0.081,0.216,0.341
thread,50,5,5,0.225,0.229,0.235
pool4,50,5,5,0.170,0.188,0.252
p2p,50,5,5,0.591,0.602,0.617
seq,50,5,5,0.128,0.312,0.462
thread,50,5,5,0.198,0.200,0.204
pool4,50,5,5,0.161,0.178,0.243
p2p,50,5,5,1.557,1.764,1.848
seq,50,5,5,0.100,0.251,0.391
thread,50,5,5,0.211,0.213,0.215
pool4,50,5,5,0.175,0.195,0.259
p2p,50,5,5,0.540,0.571,0.591
seq,50,10,10,0.073,0.316,0.584
thread,50,10,10,0.400,0.418,0.442
pool4,50,10,10,0.174,0.293,0.445
p2p,50,10,10,0.321,3.292,4.585
seq,50,10,10,0.167,0.500,0.812
thread,50,10,10,0.414,0.433,0.445
pool4,50,10,10,0.155,0.284,0.458
p2p,50,10,10,5.244,5.336,5.390
seq,50,10,10,0.183,0.615,1.008
thread,50,10,10,0.374,0.410,0.430
pool4,50,10,10,0.158,0.292,0.455
p2p,50,10,10,0.312,1.208,2.813
seq,50,20,20,0.192,0.816,1.430
thread,50,20,20,0.793,0.867,0.911
pool4,50,20,20,0.195,0.565,0.968
p2p,50,20,20,0.271,6.664,10.302
seq,50,20,20,0.105,0.807,1.523
thread,50,20,20,0.735,0.822,0.877
pool4,50,20,20,0.186,0.586,1.029
p2p,50,20,20,0.290,4.394,7.189
seq,50,20,20,0.254,0.995,1.607
thread,50,20,20,0.750,0.833,0.879
pool4,50,20,20,0.146,0.560,0.974
p2p,50,20,20,0.810,3.619,5.738
seq,500,1,1,1.789,1.789,1.789
thread,500,1,1,1.288,1.288,1.288
pool4,500,1,1,1.320,1.320,1.320
p2p,500,1,1,5.585,5.585,5.585
seq,500,1,1,1.271,1.271,1.271
thread,500,1,1,0.654,0.654,0.654
pool4,500,1,1,0.756,0.756,0.756
p2p,500,1,1,7.528,7.528,7.528
seq,500,1,1,1.047,1.047,1.047
thread,500,1,1,0.770,0.770,0.770
pool4,500,1,1,0.644,0.644,0.644
p2p,500,1,1,6.238,6.238,6.238
seq,500,5,5,0.862,2.265,3.615
thread,500,5,5,1.930,1.950,1.977
pool4,500,5,5,1.579,1.732,2.282
p2p,500,5,5,28.104,28.275,28.469
seq,500,5,5,1.028,2.538,3.942
thread,500,5,5,2.172,2.230,2.285
pool4,500,5,5,1.833,1.992,2.592
p2p,500,5,5,22.295,23.582,24.902
seq,500,5,5,2.217,3.759,5.155
thread,500,5,5,2.063,2.090,2.113
pool4,500,5,5,1.571,1.733,2.336
p2p,500,5,5,14.316,19.753,21.671
seq,500,10,10,1.314,4.225,7.070
thread,500,10,10,3.608,3.894,4.103
pool4,500,10,10,1.890,3.022,4.401
p2p,500,10,10,43.578,49.770,56.340
seq,500,10,10,4.130,8.572,12.507
thread,500,10,10,3.892,4.142,4.336
pool4,500,10,10,1.864,3.193,4.849
p2p,500,10,10,64.203,67.057,70.110
seq,500,10,10,13.382,16.647,19.948
thread,500,10,10,3.825,4.160,4.379
pool4,500,10,10,1.790,2.974,4.523
p2p,500,10,10,69.873,73.008,74.975
seq,500,20,20,2.130,10.716,19.828
thread,500,20,20,6.639,7.712,8.260
pool4,500,20,20,2.077,5.585,9.249
p2p,500,20,20,134.158,169.137,193.869
seq,500,20,20,5.035,14.862,23.481
thread,500,20,20,7.132,7.596,8.099
pool4,500,20,20,2.319,6.140,9.870
p2p,500,20,20,78.412,122.691,158.393
seq,500,20,20,13.387,23.641,31.787
thread,500,20,20,6.964,7.466,7.812
pool4,500,20,20,1.951,5.183,8.588
p2p,500,20,20,107.980,151.687,174.538
